epoch,time,train/box_loss,train/seg_loss,train/cls_loss,train/dfl_loss,metrics/precision(B),metrics/recall(B),metrics/mAP50(B),metrics/mAP50-95(B),metrics/precision(M),metrics/recall(M),metrics/mAP50(M),metrics/mAP50-95(M),val/box_loss,val/seg_loss,val/cls_loss,val/dfl_loss,lr/pg0,lr/pg1,lr/pg2
1,21.0066,2.11308,6.3359,2.98821,2.15632,0.01389,0.75758,0.10258,0.05681,0.01278,0.69697,0.09203,0.04024,1.62303,3.72405,2.96104,1.77128,6e-05,6e-05,6e-05
2,38.5603,1.80069,5.09113,2.80034,1.94417,0.015,0.81818,0.2369,0.10903,0.015,0.81818,0.14902,0.06819,1.53939,3.59539,2.8792,1.7095,0.000139538,0.000139538,0.000139538
3,57.1885,1.67874,4.47811,2.68584,1.7956,0.01611,0.87879,0.27609,0.1325,0.01556,0.84848,0.21256,0.07142,1.67858,3.7993,2.90966,1.86682,0.000218548,0.000218548,0.000218548
4,75.5579,1.68159,4.25178,2.47591,1.83502,0.015,0.81818,0.27409,0.1193,0.01167,0.63636,0.03599,0.01269,1.71787,5.04709,2.89582,1.9393,0.00029703,0.00029703,0.00029703
5,94.1909,1.6729,4.00293,2.2067,1.75966,0.01556,0.84848,0.26708,0.12414,0.01389,0.75758,0.07742,0.02909,1.75556,4.8163,2.84864,1.99,0.000374984,0.000374984,0.000374984
6,112.212,1.58228,3.87246,2.16616,1.74383,0.01333,0.72727,0.29903,0.13536,0.01389,0.75758,0.15103,0.05595,1.73415,4.00203,2.80286,1.98094,0.00045241,0.00045241,0.00045241
7,130.691,1.66846,3.80519,2.04279,1.80408,0.36239,0.39394,0.32741,0.14709,0.27876,0.30303,0.25123,0.0817,1.71512,3.9706,2.67822,2.06674,0.000529308,0.000529308,0.000529308
8,150.19,1.62396,3.76201,2.0097,1.75731,0.23555,0.54545,0.37542,0.14822,0.15703,0.36364,0.23984,0.08775,1.80958,4.54938,2.60191,2.04116,0.000605678,0.000605678,0.000605678
9,170.065,1.57791,3.64556,1.90307,1.74433,0.4487,0.22238,0.31451,0.13834,0.38102,0.18182,0.20423,0.07894,1.89515,5.07288,2.44358,2.10973,0.00068152,0.00068152,0.00068152
10,189.384,1.54573,3.63856,1.91155,1.66759,0.43179,0.33333,0.40023,0.16967,0.25034,0.18182,0.1916,0.07262,1.97606,5.13673,2.41478,2.31366,0.000756834,0.000756834,0.000756834
11,209.425,1.52757,3.60635,1.78461,1.69864,0.57865,0.36364,0.36448,0.11502,0.18355,0.18182,0.09383,0.02682,2.02176,5.49758,2.4985,2.32111,0.00083162,0.00083162,0.00083162
12,228.268,1.53955,3.54719,1.71742,1.66581,0.38044,0.36364,0.38077,0.14423,0.09635,0.18421,0.0843,0.0277,1.94938,7.2415,2.4017,2.17553,0.000905878,0.000905878,0.000905878
13,247.282,1.56588,3.74314,1.82288,1.70164,0.61491,0.30303,0.3675,0.12032,0.15656,0.15152,0.09534,0.02207,2.11677,5.21247,2.58036,2.34769,0.000979608,0.000979608,0.000979608
14,266.263,1.53263,3.54042,1.6963,1.62134,0.32221,0.33138,0.27022,0.10048,0.1572,0.31664,0.09538,0.0247,1.97395,5.00139,2.70834,2.26312,0.00105281,0.00105281,0.00105281
15,285.438,1.49239,3.47509,1.68653,1.59537,0.30546,0.36364,0.24959,0.09761,0.29854,0.21212,0.1609,0.04015,1.99734,4.21834,2.57565,2.4122,0.00112548,0.00112548,0.00112548
16,304.225,1.5363,3.60574,1.63922,1.61418,0.42442,0.42424,0.26724,0.0889,0.29981,0.36364,0.21695,0.05098,2.02429,4.54889,2.45064,2.50677,0.00119763,0.00119763,0.00119763
17,323.18,1.47753,3.46552,1.64815,1.58399,0.21237,0.36775,0.19411,0.07804,0.19049,0.30303,0.18497,0.03841,2.18864,5.60243,2.68398,2.74274,0.00126925,0.00126925,0.00126925
18,341.919,1.5273,3.46109,1.74496,1.64694,0.18953,0.30303,0.14535,0.05056,0.14112,0.21212,0.10699,0.03568,2.30282,5.61556,3.30621,2.7334,0.00134034,0.00134034,0.00134034
19,360.35,1.45764,3.65111,1.62907,1.57402,0.22368,0.24242,0.15883,0.0631,0.16682,0.15152,0.10685,0.03922,2.13808,6.33153,3.10578,2.66807,0.0014109,0.0014109,0.0014109
20,378.481,1.5599,3.44958,1.7534,1.65343,0.23847,0.21212,0.1369,0.04719,0.17044,0.12121,0.07061,0.02081,2.25109,6.73132,2.94266,3.00819,0.00148093,0.00148093,0.00148093
21,397.672,1.52706,3.64436,1.71119,1.66993,0.30924,0.15152,0.1331,0.03878,0.15149,0.06061,0.03641,0.01242,2.17864,8.32027,2.97263,2.73429,0.00155044,0.00155044,0.00155044
22,416.885,1.51336,3.49918,1.63336,1.61542,0.24747,0.39394,0.18515,0.06692,0.12434,0.21212,0.06399,0.01835,2.07045,7.29645,2.6743,2.53144,0.00161942,0.00161942,0.00161942
23,436.541,1.52139,3.51435,1.61694,1.64768,0.31118,0.51515,0.26546,0.09477,0.20317,0.33333,0.16573,0.04387,2.11118,6.4841,2.69435,2.5484,0.00168787,0.00168787,0.00168787
24,455.454,1.50662,3.46205,1.59139,1.63723,0.28285,0.46626,0.25328,0.08963,0.3151,0.15152,0.13765,0.04021,2.20274,6.90192,2.81685,2.59926,0.00175579,0.00175579,0.00175579
25,474.963,1.56931,3.3884,1.59735,1.64138,0.23582,0.39394,0.1717,0.05022,0.26399,0.18182,0.09907,0.01957,2.29145,6.01746,2.87841,2.81634,0.00182318,0.00182318,0.00182318
26,493.007,1.47903,3.36792,1.54348,1.62366,0.26754,0.39394,0.20041,0.06407,0.21182,0.33333,0.1462,0.03624,2.25545,5.80417,2.9027,2.83425,0.001835,0.001835,0.001835
27,511.396,1.46611,3.39478,1.48852,1.56396,0.26295,0.45455,0.23815,0.09041,0.19869,0.33333,0.19522,0.04825,2.07776,5.40412,2.74058,2.56266,0.0018284,0.0018284,0.0018284
28,529.582,1.48305,3.44879,1.49597,1.57558,0.21162,0.51515,0.17978,0.07329,0.17693,0.42424,0.14206,0.04589,2.08932,5.4093,2.78105,2.61581,0.0018218,0.0018218,0.0018218
29,547.863,1.45022,3.5559,1.46072,1.55563,0.20277,0.51515,0.17125,0.05851,0.23224,0.18182,0.11821,0.03337,2.17352,4.97374,2.8935,2.73135,0.0018152,0.0018152,0.0018152
30,566.079,1.42014,3.30618,1.43196,1.53239,0.24091,0.41365,0.16808,0.05788,0.17925,0.30446,0.12119,0.0297,2.19237,5.15767,2.90669,3.01408,0.0018086,0.0018086,0.0018086
31,584.14,1.41398,3.36404,1.46811,1.56408,0.26797,0.27273,0.20799,0.06648,0.2479,0.33333,0.18922,0.0562,2.40296,4.88642,3.22675,3.19628,0.001802,0.001802,0.001802
32,602.317,1.46944,3.27573,1.49926,1.57289,0.33266,0.30214,0.23106,0.07723,0.30183,0.30136,0.18938,0.05696,2.33887,4.70487,3.21848,2.88693,0.0017954,0.0017954,0.0017954
33,620.206,1.36365,3.12387,1.36106,1.53381,0.26545,0.48485,0.23869,0.07297,0.1867,0.39394,0.19769,0.05481,2.42366,4.6903,2.75867,3.01444,0.0017888,0.0017888,0.0017888
34,638.606,1.36853,3.17863,1.343,1.4871,0.15996,0.51515,0.16947,0.06071,0.16003,0.15152,0.097,0.03256,2.29664,4.95091,3.09435,2.80851,0.0017822,0.0017822,0.0017822
35,657.485,1.38339,3.32984,1.39054,1.52229,0.21269,0.57576,0.19543,0.08968,0.12755,0.30303,0.10556,0.03795,2.21256,5.28879,3.17512,2.64464,0.0017756,0.0017756,0.0017756
36,676.077,1.36657,3.26124,1.31507,1.51402,0.23333,0.39394,0.20013,0.09654,0.16548,0.18182,0.08989,0.04382,2.24312,5.352,2.87758,2.67098,0.001769,0.001769,0.001769
37,695.404,1.29804,3.14856,1.25953,1.46082,0.322,0.33333,0.27379,0.12052,0.26692,0.27273,0.15006,0.05612,2.29341,5.37308,2.95305,2.74916,0.0017624,0.0017624,0.0017624
38,714.221,1.30091,3.05121,1.31026,1.46126,0.40656,0.48485,0.38437,0.12578,0.37677,0.42424,0.32895,0.09852,2.35031,4.68077,2.58013,2.77602,0.0017558,0.0017558,0.0017558
39,732.377,1.3878,3.35871,1.33174,1.51531,0.57533,0.42424,0.39953,0.14412,0.44665,0.33333,0.26559,0.086,2.32554,4.60046,2.43243,2.70446,0.0017492,0.0017492,0.0017492
40,750.749,1.28029,3.05615,1.23901,1.41666,0.46096,0.48485,0.31762,0.13021,0.40315,0.42424,0.26546,0.07256,2.29027,4.6085,2.64678,2.58027,0.0017426,0.0017426,0.0017426
41,768.811,1.29068,3.14702,1.21622,1.42684,0.38259,0.45455,0.30411,0.10963,0.33937,0.39394,0.22787,0.06576,2.32941,4.537,2.59896,2.68386,0.001736,0.001736,0.001736
42,786.973,1.33168,3.10465,1.22829,1.47714,0.35145,0.54197,0.26649,0.10244,0.36437,0.36364,0.21869,0.07375,2.29296,4.38475,2.64524,2.71691,0.0017294,0.0017294,0.0017294
43,804.774,1.28643,3.13782,1.23207,1.45646,0.30516,0.42591,0.22298,0.08577,0.31452,0.33333,0.17378,0.05441,2.25214,4.41263,2.6361,2.65717,0.0017228,0.0017228,0.0017228
44,823.098,1.29686,3.14667,1.22631,1.41729,0.36527,0.48485,0.24761,0.09781,0.31299,0.42424,0.21343,0.06745,2.3,4.67778,2.64927,2.63304,0.0017162,0.0017162,0.0017162
45,841.446,1.19785,3.00445,1.15538,1.37699,0.41349,0.45455,0.29104,0.11267,0.35563,0.39394,0.21474,0.0709,2.07805,4.71632,2.45106,2.35026,0.0017096,0.0017096,0.0017096
46,859.812,1.25229,3.12306,1.21815,1.4017,0.42835,0.54545,0.32601,0.15101,0.40411,0.51515,0.28381,0.10777,2.11754,4.46671,2.29364,2.3347,0.001703,0.001703,0.001703
47,878.112,1.28749,3.0477,1.21545,1.40682,0.38431,0.54545,0.3039,0.15333,0.3827,0.54545,0.291,0.09638,2.12701,4.44865,2.5136,2.39441,0.0016964,0.0016964,0.0016964
48,895.742,1.26455,3.01033,1.27516,1.47614,0.32045,0.48485,0.26626,0.10762,0.32854,0.30303,0.19132,0.05227,2.25846,4.609,2.52386,2.59603,0.0016898,0.0016898,0.0016898
49,913.791,1.33597,3.08087,1.21618,1.46885,0.33241,0.30303,0.20152,0.08055,0.36328,0.24242,0.17029,0.04901,2.34613,4.80114,2.67706,2.65258,0.0016832,0.0016832,0.0016832
50,932.112,1.30741,3.16672,1.19092,1.4177,0.28905,0.24242,0.21235,0.08453,0.25292,0.21212,0.16804,0.03698,2.2189,5.53439,3.07606,2.68154,0.0016766,0.0016766,0.0016766
51,950.116,1.25447,3.10928,1.19898,1.39276,0.22455,0.45455,0.24016,0.09115,0.16514,0.33333,0.10883,0.03506,2.2436,5.32082,3.17734,2.79049,0.00167,0.00167,0.00167
52,968.083,1.20915,2.94566,1.15145,1.38641,0.30124,0.42424,0.31624,0.12475,0.26204,0.36364,0.26152,0.08243,2.38675,4.71099,2.84195,2.80834,0.0016634,0.0016634,0.0016634
53,985.921,1.23356,2.9093,1.09414,1.37363,0.28878,0.45455,0.27133,0.10854,0.24645,0.54509,0.24168,0.08118,2.34651,4.6687,3.09298,2.6912,0.0016568,0.0016568,0.0016568
54,1003.76,1.22332,2.99504,1.13963,1.38423,0.34773,0.46866,0.32886,0.12452,0.29318,0.45455,0.26424,0.08598,2.25661,4.68278,2.81516,2.49172,0.0016502,0.0016502,0.0016502
55,1021.92,1.14479,2.83719,1.05757,1.30379,0.34018,0.51515,0.40199,0.15503,0.27501,0.42424,0.34535,0.12366,2.17205,4.63102,2.63179,2.41282,0.0016436,0.0016436,0.0016436
56,1039.97,1.2108,3.0212,1.09552,1.38052,0.41617,0.45364,0.38002,0.13504,0.51869,0.27273,0.32403,0.1061,2.07049,4.93428,2.65487,2.32786,0.001637,0.001637,0.001637
57,1057.83,1.22823,2.94983,1.16127,1.40363,0.3359,0.45455,0.28064,0.08935,0.28341,0.27273,0.19783,0.05618,2.21744,4.80183,2.79134,2.47749,0.0016304,0.0016304,0.0016304
58,1075.51,1.20718,2.87406,1.11999,1.41469,0.43225,0.33333,0.28604,0.09215,0.38832,0.30303,0.24036,0.06031,2.17521,4.88886,2.72575,2.45554,0.0016238,0.0016238,0.0016238
59,1093.63,1.1788,2.7768,1.05754,1.36118,0.39543,0.33333,0.27867,0.1031,0.36901,0.30303,0.24816,0.07396,2.12844,4.53681,2.5812,2.40321,0.0016172,0.0016172,0.0016172
60,1111.47,1.10055,2.70399,1.01475,1.31071,0.30843,0.42424,0.28846,0.09946,0.32421,0.33333,0.28111,0.07775,2.23773,4.44256,2.53598,2.47341,0.0016106,0.0016106,0.0016106
61,1129.46,1.10043,2.89702,1.01103,1.26963,0.34333,0.48485,0.27841,0.0992,0.2718,0.50905,0.20141,0.04868,2.15695,4.28262,2.64507,2.39029,0.001604,0.001604,0.001604
62,1147.46,1.14931,2.76001,1.05574,1.31176,0.25757,0.39394,0.23556,0.07226,0.18484,0.30303,0.10697,0.02965,2.2512,4.09359,2.83041,2.48826,0.0015974,0.0015974,0.0015974
63,1165.57,1.07869,2.80904,0.98818,1.24407,0.24481,0.36364,0.23995,0.08953,0.23489,0.33333,0.18684,0.04796,2.20861,3.92728,2.69461,2.45108,0.0015908,0.0015908,0.0015908
64,1183.76,1.10921,2.68839,0.98495,1.29582,0.43982,0.27273,0.30422,0.12172,0.28518,0.24242,0.1427,0.0434,2.05159,4.09168,2.60879,2.38933,0.0015842,0.0015842,0.0015842
65,1201.83,1.196,3.01454,1.05379,1.3754,0.56984,0.30303,0.38211,0.15292,0.45021,0.24242,0.23954,0.0731,1.97241,4.20768,2.36579,2.3459,0.0015776,0.0015776,0.0015776
66,1219.81,1.0649,2.55491,0.96957,1.26569,0.65603,0.24242,0.35286,0.14425,0.75034,0.21212,0.26,0.0828,1.99492,4.21591,2.48637,2.35043,0.001571,0.001571,0.001571
67,1237.5,1.13239,2.81413,1.01218,1.33389,0.26859,0.33333,0.32438,0.12881,0.41221,0.18182,0.2013,0.06601,2.13759,4.69199,2.6282,2.40873,0.0015644,0.0015644,0.0015644
68,1255.54,1.15098,2.82813,0.99234,1.32731,0.48309,0.27273,0.33041,0.12983,0.31231,0.18182,0.0993,0.0297,2.203,4.93733,2.69231,2.38067,0.0015578,0.0015578,0.0015578
69,1273.04,1.10564,2.65524,1.00328,1.31504,0.29963,0.36364,0.32431,0.15336,0.19846,0.18182,0.10262,0.03621,2.11909,5.37593,2.43145,2.35279,0.0015512,0.0015512,0.0015512
70,1290.78,1.09892,2.78158,0.9832,1.30852,0.32873,0.54545,0.34396,0.16195,0.216,0.33333,0.13671,0.04974,2.10589,5.07077,2.2585,2.33677,0.0015446,0.0015446,0.0015446
71,1308.63,1.12455,2.64965,1.04502,1.32539,0.33797,0.60606,0.35793,0.15203,0.2593,0.24242,0.13735,0.04238,2.20411,5.28134,2.21768,2.53081,0.001538,0.001538,0.001538
72,1326.68,1.04763,2.71528,0.92365,1.27267,0.28978,0.42424,0.35734,0.15062,0.20676,0.27273,0.14046,0.03651,2.14223,5.57363,2.26112,2.48126,0.0015314,0.0015314,0.0015314
73,1344.67,1.08739,2.72886,0.9711,1.28633,0.57867,0.33333,0.39095,0.16466,0.45278,0.24242,0.18817,0.05024,2.16209,5.51806,2.26922,2.5007,0.0015248,0.0015248,0.0015248
74,1362.8,1.08975,2.70322,0.93596,1.27478,0.41498,0.48485,0.37264,0.16529,0.28464,0.33333,0.17857,0.05782,2.21866,5.84475,2.14465,2.60244,0.0015182,0.0015182,0.0015182
75,1380.63,1.07931,2.77315,0.95781,1.28683,0.4727,0.57576,0.42591,0.1645,0.36719,0.36364,0.21454,0.062,2.26293,5.35526,2.14017,2.65468,0.0015116,0.0015116,0.0015116
76,1398.46,1.11413,2.63973,0.97665,1.30195,0.53639,0.45455,0.44914,0.17652,0.31874,0.39394,0.2692,0.06439,2.25152,5.01198,2.16169,2.55095,0.001505,0.001505,0.001505
77,1416.1,1.06399,2.51911,0.95045,1.26677,0.50777,0.51515,0.43782,0.1722,0.47768,0.48485,0.41474,0.13086,2.21371,4.49662,2.2081,2.49254,0.0014984,0.0014984,0.0014984
78,1433.98,1.04429,2.51458,0.89858,1.22757,0.66856,0.42424,0.46733,0.18322,0.64718,0.39394,0.42226,0.14752,2.17699,4.37875,2.12897,2.47536,0.0014918,0.0014918,0.0014918
79,1451.79,1.00964,2.4387,0.88599,1.23701,0.66988,0.49214,0.52637,0.20413,0.5966,0.42424,0.4219,0.14281,2.17313,4.5607,2.05014,2.43699,0.0014852,0.0014852,0.0014852
80,1469.7,1.05637,2.79114,0.94358,1.2921,0.59051,0.60606,0.50488,0.19378,0.58446,0.39394,0.39083,0.13313,2.17207,4.65773,2.13635,2.38344,0.0014786,0.0014786,0.0014786
81,1487.68,1.11419,2.65436,0.923,1.28758,0.40693,0.45455,0.42975,0.18834,0.66808,0.33333,0.41581,0.14335,2.27589,4.58685,2.1428,2.39247,0.001472,0.001472,0.001472
82,1505.84,1.0733,2.64108,0.92293,1.26417,0.42396,0.39394,0.40486,0.17808,0.49411,0.48485,0.41548,0.1517,2.39658,4.4741,2.21085,2.4964,0.0014654,0.0014654,0.0014654
83,1523.66,1.08462,2.59676,0.97393,1.29442,0.41808,0.30303,0.33568,0.1431,0.54708,0.33333,0.3589,0.11196,2.35456,4.57863,2.40074,2.44364,0.0014588,0.0014588,0.0014588
84,1541.33,1.0958,2.63465,0.91622,1.29004,0.41175,0.30303,0.31684,0.1336,0.38256,0.3569,0.28899,0.10063,2.21047,4.89427,2.65438,2.30554,0.0014522,0.0014522,0.0014522
85,1559.35,1.09897,2.72556,0.90771,1.2525,0.4665,0.30303,0.34929,0.13869,0.4665,0.30303,0.30742,0.10784,2.12734,4.80432,2.60832,2.23674,0.0014456,0.0014456,0.0014456
86,1576.96,0.99388,2.51005,0.90819,1.24375,0.31293,0.42424,0.34124,0.16272,0.52555,0.27273,0.31186,0.1281,1.98563,4.64883,2.54654,2.10221,0.001439,0.001439,0.001439
87,1594.6,1.07977,2.68864,0.94671,1.2697,0.32403,0.48485,0.348,0.15848,0.43985,0.30303,0.31109,0.1268,2.09883,4.13487,2.46679,2.19873,0.0014324,0.0014324,0.0014324
88,1612.3,1.01577,2.53503,0.9334,1.25542,0.66342,0.39394,0.43959,0.17889,0.56096,0.33333,0.3596,0.12393,2.08302,3.83603,2.21477,2.25828,0.0014258,0.0014258,0.0014258
89,1630.24,1.05731,2.67099,0.8674,1.23766,0.32494,0.63636,0.37505,0.13688,0.29388,0.57576,0.32067,0.08488,2.1503,4.17407,2.29818,2.34528,0.0014192,0.0014192,0.0014192
90,1648.23,1.06747,2.62276,0.91908,1.25585,0.31777,0.46592,0.36197,0.13748,0.28091,0.36364,0.26842,0.0746,2.15249,4.57936,2.37932,2.39302,0.0014126,0.0014126,0.0014126
91,1666.19,1.04508,2.61435,0.8799,1.26869,0.44081,0.63636,0.45193,0.1839,0.31609,0.45455,0.27453,0.07374,2.08137,4.35264,2.08414,2.27328,0.001406,0.001406,0.001406
92,1684.03,1.03101,2.6728,0.9249,1.25266,0.5488,0.62677,0.53409,0.1899,0.35556,0.39394,0.24232,0.06901,2.11792,4.39513,2.01689,2.2855,0.0013994,0.0013994,0.0013994
93,1701.93,1.07619,2.61514,0.89443,1.26933,0.45639,0.63636,0.40534,0.15711,0.34604,0.46517,0.25755,0.07413,2.03495,4.55112,2.14438,2.26757,0.0013928,0.0013928,0.0013928
94,1719.5,1.03663,2.60504,0.87475,1.25469,0.36901,0.51515,0.35176,0.15012,0.27078,0.49522,0.24335,0.0711,1.98345,4.91834,2.2732,2.3662,0.0013862,0.0013862,0.0013862
95,1737.48,0.98783,2.38542,0.84918,1.18461,0.40392,0.57576,0.35515,0.14558,0.28093,0.42424,0.22015,0.07045,2.01279,5.05928,2.37397,2.38219,0.0013796,0.0013796,0.0013796
96,1755.42,1.01389,2.49017,0.87323,1.24784,0.40861,0.39394,0.30819,0.13795,0.33287,0.36364,0.24339,0.06559,2.02185,4.91722,2.61244,2.31737,0.001373,0.001373,0.001373
97,1772.98,0.96792,2.30162,0.84554,1.20695,0.54288,0.30303,0.29083,0.12969,0.4808,0.24242,0.21343,0.06389,2.03091,4.60103,2.80721,2.30544,0.0013664,0.0013664,0.0013664
98,1790.66,1.03189,2.51777,0.84553,1.23133,0.48776,0.39394,0.30253,0.14351,0.59588,0.27273,0.24826,0.07587,2.02316,4.54833,2.80037,2.35592,0.0013598,0.0013598,0.0013598
99,1808.67,1.01711,2.483,0.87011,1.22511,0.54035,0.33333,0.30757,0.14909,0.54035,0.33333,0.27573,0.08447,1.97733,4.54268,2.79618,2.36533,0.0013532,0.0013532,0.0013532
100,1826.7,0.99242,2.36623,0.83595,1.22646,0.61237,0.33333,0.32194,0.14586,0.61237,0.33333,0.27707,0.0772,2.07827,4.61813,2.76561,2.43864,0.0013466,0.0013466,0.0013466
101,1844.3,0.95255,2.3439,0.8302,1.1962,0.48692,0.37413,0.28478,0.12095,0.41061,0.30303,0.19056,0.05433,2.10176,4.45892,2.78827,2.37039,0.00134,0.00134,0.00134
102,1862.22,0.96342,2.49109,0.84323,1.19971,0.39091,0.33333,0.25395,0.11018,0.31817,0.27273,0.1784,0.04895,2.10513,4.6038,2.79962,2.32834,0.0013334,0.0013334,0.0013334
103,1879.99,0.96506,2.44903,0.8241,1.19509,0.27705,0.39394,0.24106,0.10003,0.46122,0.24242,0.19255,0.05821,2.0402,4.90389,2.69381,2.30089,0.0013268,0.0013268,0.0013268
104,1897.79,0.95979,2.41206,0.80693,1.1958,0.55154,0.21212,0.22559,0.10127,0.49359,0.18182,0.15638,0.05188,2.03807,5.0199,2.63462,2.32171,0.0013202,0.0013202,0.0013202
105,1915.61,0.93427,2.57293,0.81967,1.21274,0.40665,0.24242,0.27163,0.11899,0.34837,0.15152,0.17548,0.04004,2.02694,5.14374,2.71563,2.32046,0.0013136,0.0013136,0.0013136
106,1933.44,0.94589,2.39755,0.80634,1.18915,0.33708,0.36364,0.29808,0.13399,0.13473,0.18182,0.06045,0.01904,2.01713,5.17078,2.70887,2.26242,0.001307,0.001307,0.001307
107,1951.38,0.93028,2.38975,0.77863,1.181,0.43157,0.45455,0.34462,0.1519,0.28835,0.21212,0.11728,0.02906,1.99734,5.09772,2.67779,2.20595,0.0013004,0.0013004,0.0013004
108,1969.43,0.90557,2.30645,0.76127,1.16925,0.42076,0.42424,0.32762,0.1539,0.18134,0.36364,0.11459,0.02967,2.009,5.15517,2.67898,2.2864,0.0012938,0.0012938,0.0012938
109,1987.44,0.98085,2.44979,0.78953,1.18908,0.28151,0.48683,0.32672,0.15077,0.185,0.36364,0.14126,0.04369,2.00675,4.96575,2.64964,2.27846,0.0012872,0.0012872,0.0012872
110,2005.66,0.89273,2.23065,0.71217,1.13777,0.33579,0.45455,0.32146,0.15093,0.23722,0.33333,0.18755,0.06086,2.0828,4.73641,2.74756,2.27705,0.0012806,0.0012806,0.0012806
111,2023.57,0.89538,2.32419,0.75806,1.16148,0.34744,0.51515,0.34762,0.14418,0.26407,0.39394,0.26191,0.07106,2.15749,4.40152,2.64804,2.32019,0.001274,0.001274,0.001274
112,2041.3,0.89604,2.23154,0.76722,1.17135,0.39623,0.39394,0.35347,0.13965,0.23392,0.33333,0.2473,0.0681,2.24273,4.3305,2.49323,2.33449,0.0012674,0.0012674,0.0012674
113,2058.83,0.9349,2.25282,0.80376,1.18012,0.40301,0.51515,0.37125,0.12892,0.2644,0.36364,0.20098,0.04845,2.20638,4.14738,2.42144,2.24617,0.0012608,0.0012608,0.0012608
114,2076.24,0.93401,2.29993,0.80598,1.19819,0.48388,0.45455,0.37593,0.13306,0.40172,0.38677,0.23879,0.05856,2.14401,4.22878,2.45249,2.21966,0.0012542,0.0012542,0.0012542
115,2094.36,0.92225,2.24527,0.79093,1.1155,0.50816,0.45455,0.40447,0.14756,0.38598,0.36364,0.2423,0.07044,2.07633,4.20444,2.37923,2.18931,0.0012476,0.0012476,0.0012476
116,2112.41,0.95531,2.37706,0.78873,1.16211,0.44892,0.45455,0.38835,0.1606,0.54513,0.45455,0.38823,0.10551,2.13284,4.46926,2.13895,2.31211,0.001241,0.001241,0.001241
117,2130.06,0.9271,2.31998,0.81812,1.17155,0.55521,0.48485,0.42552,0.19143,0.52012,0.45455,0.39338,0.12409,2.08783,4.40625,1.90335,2.32345,0.0012344,0.0012344,0.0012344
118,2147.87,0.91224,2.25789,0.78141,1.17218,0.61179,0.48485,0.45919,0.19936,0.57234,0.45455,0.41718,0.16166,2.11673,4.3369,1.93529,2.30107,0.0012278,0.0012278,0.0012278
119,2165.76,0.92488,2.55133,0.80549,1.18999,0.54966,0.48095,0.46854,0.18535,0.43872,0.45455,0.38519,0.14779,2.15095,4.61531,2.00147,2.39407,0.0012212,0.0012212,0.0012212
120,2183.3,0.96516,2.40328,0.8167,1.20332,0.41048,0.63636,0.46734,0.15609,0.36991,0.57576,0.37976,0.1119,2.18726,5.10775,1.97437,2.46325,0.0012146,0.0012146,0.0012146
121,2201.17,0.90008,2.22344,0.76897,1.15606,0.50808,0.45455,0.46809,0.14706,0.54244,0.36364,0.38174,0.09873,2.23946,5.17658,2.16205,2.41583,0.001208,0.001208,0.001208
122,2218.89,0.89755,2.30887,0.79092,1.17388,0.59456,0.48485,0.46576,0.16104,0.51955,0.42606,0.36543,0.11376,2.23995,4.86392,2.27152,2.4006,0.0012014,0.0012014,0.0012014
123,2236.66,0.94139,2.4775,0.77196,1.1821,0.64426,0.51515,0.46818,0.16692,0.50924,0.42424,0.32086,0.12898,2.21852,4.46603,2.29546,2.38201,0.0011948,0.0011948,0.0011948
124,2254.4,0.86314,2.15804,0.7115,1.14616,0.57287,0.45455,0.39718,0.14834,0.6329,0.30303,0.31074,0.12275,2.19539,4.43152,2.20999,2.38812,0.0011882,0.0011882,0.0011882
125,2272.31,0.86839,2.17076,0.73344,1.12576,0.42638,0.45455,0.38386,0.16315,0.54674,0.33333,0.3392,0.13305,2.17597,4.69141,2.18664,2.45245,0.0011816,0.0011816,0.0011816
126,2290.01,0.92299,2.34632,0.7907,1.18638,0.41678,0.57576,0.41054,0.1685,0.51878,0.39394,0.35628,0.13642,2.20516,4.77543,2.16643,2.51538,0.001175,0.001175,0.001175
127,2308.04,0.87942,2.2103,0.71948,1.1491,0.43226,0.45455,0.39487,0.15975,0.44801,0.36364,0.28357,0.11527,2.26539,5.01434,2.23446,2.59277,0.0011684,0.0011684,0.0011684
128,2325.84,0.85768,2.08673,0.72416,1.14193,0.52006,0.54545,0.41041,0.15293,0.43198,0.36364,0.26243,0.10256,2.24411,5.14306,2.467,2.53022,0.0011618,0.0011618,0.0011618
129,2343.59,0.87548,2.21049,0.71947,1.12408,0.44953,0.45455,0.3404,0.15567,0.4194,0.42424,0.26319,0.08654,2.21923,5.13882,2.46983,2.5218,0.0011552,0.0011552,0.0011552
130,2361.36,0.83517,2.07941,0.68445,1.09961,0.49369,0.45455,0.32588,0.14687,0.46038,0.42424,0.26227,0.09181,2.20673,4.98607,2.57172,2.62855,0.0011486,0.0011486,0.0011486
131,2379.44,0.88179,2.32214,0.75582,1.14057,0.49389,0.42424,0.30261,0.1296,0.50419,0.45455,0.30822,0.09705,2.14596,4.49748,2.6562,2.44772,0.001142,0.001142,0.001142
132,2397.23,0.84257,1.98473,0.69636,1.11985,0.48024,0.42424,0.3676,0.15408,0.48024,0.42424,0.324,0.11518,2.16772,4.3082,2.66436,2.42131,0.0011354,0.0011354,0.0011354
133,2415.18,0.8978,2.12496,0.7065,1.11879,0.45549,0.36364,0.34452,0.13923,0.32404,0.39394,0.28878,0.10807,2.19534,4.36848,2.65101,2.43825,0.0011288,0.0011288,0.0011288
134,2433.25,0.86263,2.09635,0.71747,1.13404,0.53799,0.33333,0.34367,0.1469,0.39079,0.24242,0.26038,0.11331,2.15327,4.43157,2.67498,2.4699,0.0011222,0.0011222,0.0011222
135,2450.87,0.87772,2.19073,0.75635,1.18925,0.5654,0.33333,0.32796,0.15485,0.46197,0.27273,0.26842,0.12194,2.0938,4.18872,2.58631,2.32963,0.0011156,0.0011156,0.0011156
136,2468.5,0.84873,2.14617,0.71933,1.14682,0.49057,0.39394,0.36163,0.15728,0.41981,0.33333,0.28593,0.11365,2.12333,4.4763,2.40061,2.32685,0.001109,0.001109,0.001109
137,2486.2,0.88463,2.20696,0.73704,1.14876,0.47412,0.45455,0.38537,0.18604,0.37828,0.39394,0.32435,0.10683,2.08212,4.76252,2.26578,2.28308,0.0011024,0.0011024,0.0011024
138,2504.18,0.82375,2.16649,0.70202,1.10657,0.4401,0.45455,0.39439,0.20041,0.3592,0.42424,0.27765,0.11255,2.06529,4.58886,2.16519,2.23156,0.0010958,0.0010958,0.0010958
139,2521.86,0.84592,2.0609,0.7169,1.14504,0.45572,0.42424,0.36979,0.18227,0.35199,0.42424,0.29678,0.11479,2.18284,4.38547,2.0654,2.38171,0.0010892,0.0010892,0.0010892
140,2539.68,0.83058,2.11986,0.65939,1.1175,0.46768,0.45266,0.38704,0.16685,0.37766,0.39394,0.31505,0.12648,2.20378,4.27849,2.10759,2.42283,0.0010826,0.0010826,0.0010826
141,2557.32,0.8036,2.14933,0.70244,1.1278,0.42478,0.42521,0.35618,0.16099,0.38911,0.42424,0.30533,0.11177,2.25502,4.53954,2.11897,2.45756,0.001076,0.001076,0.001076
142,2574.79,0.84028,2.21481,0.70105,1.12743,0.43376,0.45455,0.36919,0.14312,0.27877,0.36364,0.2187,0.07978,2.35443,4.82291,2.14108,2.57745,0.0010694,0.0010694,0.0010694
143,2592.53,0.81573,2.04725,0.66627,1.09701,0.59502,0.30303,0.34721,0.1498,0.43487,0.21212,0.19173,0.06524,2.34215,5.02181,2.15867,2.56787,0.0010628,0.0010628,0.0010628
144,2610.41,0.84926,2.12448,0.68585,1.13522,0.41609,0.48485,0.36673,0.15225,0.35036,0.24242,0.18639,0.08481,2.34419,4.88103,2.27238,2.53602,0.0010562,0.0010562,0.0010562
145,2628.46,0.79535,1.97383,0.66137,1.08279,0.42661,0.39394,0.37508,0.1535,0.32765,0.30303,0.26251,0.09029,2.32485,4.86311,2.31864,2.55508,0.0010496,0.0010496,0.0010496
146,2646.4,0.82651,2.03098,0.67094,1.09537,0.39524,0.47547,0.37644,0.16189,0.29023,0.34714,0.2922,0.10175,2.22057,4.73911,2.39709,2.44373,0.001043,0.001043,0.001043
147,2664.34,0.82571,2.09385,0.6888,1.09747,0.40817,0.4599,0.37344,0.15206,0.28715,0.32967,0.25742,0.0955,2.14335,4.64719,2.44681,2.37407,0.0010364,0.0010364,0.0010364
148,2682.65,0.85438,2.21422,0.68023,1.11038,0.44067,0.39394,0.37047,0.14815,0.28878,0.36364,0.25624,0.09609,2.16579,4.7261,2.4885,2.39628,0.0010298,0.0010298,0.0010298
149,2700.72,0.8146,2.16788,0.68952,1.10624,0.43593,0.42424,0.32782,0.13598,0.34732,0.36364,0.22229,0.08055,2.22794,5.03144,2.43395,2.56263,0.0010232,0.0010232,0.0010232
150,2718.72,0.77881,2.10834,0.67062,1.08444,0.41001,0.40027,0.30675,0.13079,0.32149,0.30303,0.17863,0.07091,2.18659,5.18503,2.55216,2.58485,0.0010166,0.0010166,0.0010166
151,2736.51,0.77974,2.01134,0.64933,1.09507,0.42619,0.30303,0.24572,0.12055,0.34095,0.24242,0.13975,0.05543,2.17026,5.25049,2.70221,2.57512,0.00101,0.00101,0.00101
152,2753.97,0.82357,1.98773,0.65737,1.12101,0.41878,0.30303,0.22797,0.10501,0.33302,0.24242,0.13685,0.0548,2.18408,5.26093,2.7722,2.57749,0.0010034,0.0010034,0.0010034
153,2771.69,0.80932,2.2209,0.67855,1.11866,0.37997,0.30303,0.22966,0.10344,0.30344,0.24242,0.13018,0.05357,2.23085,5.34283,2.72882,2.61413,0.0009968,0.0009968,0.0009968
154,2789.66,0.77039,2.0089,0.66517,1.08539,0.39166,0.36364,0.23967,0.10397,0.29362,0.27273,0.12979,0.03716,2.28055,5.35449,2.76237,2.53154,0.0009902,0.0009902,0.0009902
155,2807.18,0.78915,2.04465,0.6575,1.0847,0.52571,0.33333,0.27092,0.10425,0.24735,0.29885,0.15243,0.03255,2.28878,5.20278,2.76316,2.43368,0.0009836,0.0009836,0.0009836
156,2824.97,0.81148,2.13542,0.66057,1.09549,0.49889,0.33333,0.26517,0.10792,0.25092,0.27273,0.13787,0.03487,2.23478,5.11657,2.78297,2.39247,0.000977,0.000977,0.000977
157,2842.95,0.7952,1.99904,0.65342,1.08765,0.40005,0.39394,0.29089,0.12032,0.27684,0.27273,0.13168,0.03274,2.25026,4.87382,2.89865,2.40089,0.0009704,0.0009704,0.0009704
158,2860.82,0.81466,2.03861,0.68923,1.10809,0.40343,0.39394,0.30093,0.12103,0.30494,0.30303,0.16503,0.0395,2.30168,4.90624,2.936,2.45372,0.0009638,0.0009638,0.0009638
159,2878.46,0.75928,2.03627,0.63004,1.07509,0.43812,0.45455,0.32559,0.11665,0.28195,0.30303,0.15492,0.04366,2.33497,4.84597,2.92975,2.45984,0.0009572,0.0009572,0.0009572
160,2896.41,0.77393,2.15674,0.64158,1.0778,0.41347,0.42424,0.29612,0.11378,0.24807,0.27273,0.13762,0.03861,2.35371,5.02322,2.82816,2.49736,0.0009506,0.0009506,0.0009506
161,2914.46,0.81728,2.05407,0.67447,1.10612,0.39114,0.42424,0.26078,0.10372,0.25159,0.27273,0.11331,0.02796,2.27958,5.00864,2.74411,2.4307,0.000944,0.000944,0.000944
162,2932.26,0.81838,2.12173,0.68383,1.11606,0.40311,0.39394,0.26603,0.10702,0.25628,0.27273,0.11238,0.03315,2.25733,5.2132,2.65321,2.41544,0.0009374,0.0009374,0.0009374
163,2949.92,0.79127,2.0263,0.6878,1.11295,0.44104,0.36364,0.28434,0.11277,0.269,0.30303,0.13632,0.03872,2.3324,5.0639,2.49476,2.50271,0.0009308,0.0009308,0.0009308
164,2967.51,0.79093,2.00786,0.65689,1.08006,0.46443,0.39394,0.31374,0.118,0.22433,0.30681,0.14428,0.05172,2.37822,4.85335,2.45162,2.55072,0.0009242,0.0009242,0.0009242
165,2985.61,0.73629,1.95862,0.60801,1.05992,0.54232,0.30303,0.3269,0.13236,0.29982,0.33333,0.22215,0.07173,2.33456,4.65631,2.43812,2.52703,0.0009176,0.0009176,0.0009176
166,3003.55,0.7671,2.00142,0.63741,1.08835,0.4667,0.36364,0.34233,0.1367,0.38783,0.30303,0.22671,0.08282,2.35164,4.58421,2.29605,2.55211,0.000911,0.000911,0.000911
167,3021.35,0.76611,2.03808,0.64446,1.08318,0.35236,0.51515,0.38645,0.15208,0.49269,0.38287,0.32074,0.09825,2.22207,4.28248,2.0999,2.43676,0.0009044,0.0009044,0.0009044
168,3039.45,0.76416,1.98438,0.62632,1.06898,0.49516,0.48485,0.41227,0.18062,0.46316,0.45455,0.34481,0.12523,2.17793,4.13998,1.99518,2.34073,0.0008978,0.0008978,0.0008978
169,3057.53,0.72088,1.82758,0.60197,1.04655,0.44942,0.54545,0.40962,0.18228,0.41918,0.43761,0.34168,0.13426,2.2044,4.01913,2.06119,2.37887,0.0008912,0.0008912,0.0008912
170,3075.26,0.77641,1.91809,0.61764,1.08719,0.45066,0.45455,0.36584,0.16569,0.41936,0.42424,0.33564,0.1202,2.20685,3.98263,2.23301,2.37601,0.0008846,0.0008846,0.0008846
171,3093.01,0.78437,2.18209,0.65541,1.1029,0.3985,0.50208,0.3296,0.15468,0.33219,0.39394,0.25982,0.10127,2.23039,3.97742,2.40429,2.3028,0.000878,0.000878,0.000878
172,3110.48,0.82356,2.10752,0.68233,1.14993,0.33284,0.45455,0.3006,0.149,0.2637,0.36364,0.24359,0.09213,2.2402,4.16173,2.44002,2.36353,0.0008714,0.0008714,0.0008714
173,3128.16,0.76489,2.01255,0.63043,1.06448,0.34078,0.42424,0.28307,0.1405,0.252,0.36364,0.22945,0.08695,2.21525,4.30967,2.36904,2.37864,0.0008648,0.0008648,0.0008648
174,3145.8,0.75478,1.99017,0.63475,1.08129,0.39499,0.42424,0.27561,0.12884,0.3361,0.35305,0.25759,0.08467,2.16503,4.20843,2.30865,2.3596,0.0008582,0.0008582,0.0008582
175,3163.64,0.70898,1.80875,0.60072,1.04637,0.36118,0.49701,0.29661,0.13883,0.29915,0.51515,0.27813,0.09173,2.1876,4.22563,2.32914,2.39722,0.0008516,0.0008516,0.0008516
176,3181.28,0.72714,1.94365,0.60313,1.06187,0.36069,0.51515,0.29733,0.13338,0.3122,0.54545,0.25565,0.08484,2.21533,4.55223,2.36358,2.42932,0.000845,0.000845,0.000845
177,3199.05,0.72041,1.80822,0.6148,1.06337,0.35746,0.51515,0.30832,0.1365,0.29531,0.48485,0.27218,0.08507,2.17495,4.59495,2.40487,2.32354,0.0008384,0.0008384,0.0008384
178,3216.91,0.75715,1.93465,0.60495,1.07061,0.37081,0.51515,0.31961,0.13678,0.30887,0.42424,0.27733,0.08328,2.10509,4.52798,2.44859,2.28973,0.0008318,0.0008318,0.0008318
179,3234.67,0.73348,1.85082,0.61326,1.04578,0.37136,0.48485,0.32199,0.13751,0.2477,0.46906,0.26852,0.08243,2.11962,4.44312,2.55775,2.33568,0.0008252,0.0008252,0.0008252
180,3252.48,0.73345,1.9022,0.64524,1.06303,0.37973,0.54545,0.31326,0.12513,0.3074,0.45734,0.27177,0.0769,2.1051,4.55852,2.55852,2.36601,0.0008186,0.0008186,0.0008186
181,3270.27,0.74938,1.95105,0.6161,1.09597,0.32738,0.42781,0.30664,0.12177,0.26005,0.36364,0.2275,0.05586,2.1258,4.69669,2.5769,2.40925,0.000812,0.000812,0.000812
182,3287.79,0.73443,1.96273,0.61092,1.08218,0.3273,0.42424,0.29301,0.11836,0.21836,0.30303,0.15302,0.0355,2.19417,4.71298,2.57879,2.45257,0.0008054,0.0008054,0.0008054
183,3305.67,0.77092,1.8912,0.61439,1.07642,0.5294,0.24242,0.2613,0.10859,0.46556,0.21212,0.2263,0.0453,2.20988,4.88899,2.56086,2.47481,0.0007988,0.0007988,0.0007988
184,3323.54,0.76755,1.93913,0.62786,1.08557,0.34778,0.30303,0.26513,0.11518,0.31248,0.27273,0.23282,0.07481,2.22358,4.68684,2.62859,2.41983,0.0007922,0.0007922,0.0007922
185,3341.31,0.73687,1.80499,0.61205,1.04495,0.42408,0.35721,0.29123,0.11594,0.36405,0.30303,0.25498,0.08819,2.1369,4.36182,2.71518,2.31752,0.0007856,0.0007856,0.0007856
186,3359.11,0.71051,1.73411,0.59336,1.05921,0.46062,0.38834,0.26974,0.10557,0.39157,0.3316,0.22806,0.07902,2.0973,4.27481,2.7055,2.27827,0.000779,0.000779,0.000779
187,3376.78,0.73568,1.87845,0.64063,1.06264,0.43778,0.42424,0.3324,0.11278,0.31161,0.30303,0.21027,0.07449,2.06758,4.1464,2.77984,2.26613,0.0007724,0.0007724,0.0007724
188,3394.63,0.72228,1.96976,0.61238,1.04755,0.60515,0.30303,0.34342,0.11816,0.42213,0.21212,0.21733,0.07202,2.0474,4.29133,2.79765,2.23476,0.0007658,0.0007658,0.0007658
189,3412.61,0.70896,1.80349,0.5803,1.0384,0.3808,0.42424,0.33246,0.11766,0.44413,0.21212,0.18746,0.06207,2.12882,4.46582,2.64056,2.28313,0.0007592,0.0007592,0.0007592
190,3430.42,0.70142,1.79586,0.6027,1.03757,0.496,0.35807,0.3329,0.11371,0.31505,0.27273,0.18887,0.05836,2.14403,4.63666,2.53604,2.32876,0.0007526,0.0007526,0.0007526
191,3448.02,0.71507,1.91252,0.57024,1.07912,0.47801,0.42424,0.33142,0.116,0.37331,0.27273,0.17091,0.04862,2.21542,4.85018,2.55741,2.4432,0.000746,0.000746,0.000746
192,3465.67,0.72394,1.94439,0.63397,1.07234,0.60519,0.36364,0.32692,0.11357,0.40263,0.27273,0.16614,0.04149,2.27095,5.01891,2.6344,2.48915,0.0007394,0.0007394,0.0007394
193,3483.35,0.7124,1.91304,0.61787,1.05953,0.45134,0.39394,0.27133,0.0966,0.20848,0.24242,0.12969,0.03125,2.28834,5.29657,2.77808,2.50458,0.0007328,0.0007328,0.0007328
194,3501.15,0.71289,1.81878,0.56625,1.02794,0.44917,0.36364,0.27293,0.10031,0.15023,0.21212,0.0848,0.02503,2.34389,5.42894,2.71033,2.66701,0.0007262,0.0007262,0.0007262
195,3519,0.70647,1.82255,0.56735,1.05879,0.46773,0.33333,0.2615,0.10251,0.31174,0.21212,0.15038,0.027,2.40234,5.37278,2.7474,2.74582,0.0007196,0.0007196,0.0007196
196,3537,0.74712,1.85494,0.60587,1.06555,0.44456,0.33333,0.26671,0.09407,0.32269,0.24242,0.16166,0.03939,2.41558,5.33941,2.71941,2.73268,0.000713,0.000713,0.000713
197,3555.07,0.74488,1.90868,0.58754,1.07424,0.46022,0.36364,0.32511,0.11027,0.30592,0.24242,0.15936,0.04032,2.41758,5.27519,2.77107,2.67093,0.0007064,0.0007064,0.0007064
198,3572.91,0.69852,1.78884,0.5742,1.05392,0.46547,0.39394,0.3153,0.10469,0.23069,0.29993,0.17473,0.04768,2.44086,5.37535,2.69567,2.68426,0.0006998,0.0006998,0.0006998
199,3590.93,0.80007,1.95039,0.63175,1.10507,0.49354,0.42424,0.33968,0.11505,0.21474,0.30303,0.16537,0.04768,2.3713,5.36878,2.64395,2.5297,0.0006932,0.0006932,0.0006932
200,3608.73,0.746,1.80892,0.58666,1.05702,0.4533,0.42424,0.30992,0.11911,0.29251,0.27273,0.15474,0.05237,2.3203,5.16299,2.55072,2.44368,0.0006866,0.0006866,0.0006866
201,3626.63,0.73356,1.95917,0.6004,1.05867,0.43695,0.39394,0.32688,0.15112,0.39157,0.33333,0.27035,0.07107,2.18069,5.04827,2.41029,2.32133,0.00068,0.00068,0.00068
202,3644.52,0.75095,1.9146,0.61414,1.07383,0.44379,0.39394,0.34051,0.1551,0.37533,0.33333,0.27367,0.08958,2.19333,4.93467,2.32641,2.33874,0.0006734,0.0006734,0.0006734
203,3662.11,0.66694,1.67931,0.55646,1.02854,0.53146,0.39394,0.36237,0.15827,0.45797,0.33333,0.31036,0.10159,2.16313,4.81908,2.37912,2.30867,0.0006668,0.0006668,0.0006668
204,3679.75,0.69051,1.82165,0.58347,1.04167,0.44322,0.48485,0.395,0.16517,0.45142,0.33333,0.33052,0.12662,2.15332,4.73613,2.4086,2.28475,0.0006602,0.0006602,0.0006602
205,3697.56,0.7078,1.89147,0.58224,1.06337,0.53306,0.42424,0.38498,0.16072,0.53707,0.39394,0.3743,0.13623,2.10444,4.58406,2.43404,2.24243,0.0006536,0.0006536,0.0006536
206,3715.41,0.68763,1.71295,0.57478,1.03555,0.48297,0.42424,0.36182,0.16933,0.41807,0.45455,0.37713,0.13681,2.05652,4.62558,2.43474,2.23068,0.000647,0.000647,0.000647
207,3733.43,0.69927,1.79074,0.57054,1.02789,0.41875,0.45455,0.38339,0.16952,0.44166,0.47954,0.36833,0.14362,2.00181,4.58958,2.42929,2.1674,0.0006404,0.0006404,0.0006404
208,3751.23,0.71614,1.89769,0.5788,1.08181,0.56137,0.33333,0.37459,0.15906,0.3683,0.42424,0.30477,0.13465,2.00206,4.56684,2.51872,2.18439,0.0006338,0.0006338,0.0006338
209,3768.74,0.67673,1.84242,0.555,1.031,0.51698,0.33333,0.35959,0.15262,0.42278,0.27273,0.27524,0.12726,2.10395,4.61246,2.49045,2.34902,0.0006272,0.0006272,0.0006272
210,3786.49,0.68123,1.77474,0.56372,1.0292,0.46784,0.33333,0.30214,0.13057,0.38186,0.27273,0.24464,0.11347,2.21164,4.68361,2.48565,2.50348,0.0006206,0.0006206,0.0006206
211,3804.14,0.64205,1.66732,0.55927,1.01438,0.46446,0.33333,0.33719,0.12459,0.34262,0.27273,0.23152,0.10011,2.25364,4.86458,2.53433,2.55745,0.000614,0.000614,0.000614
212,3821.86,0.68988,1.78628,0.56909,1.04545,0.40726,0.375,0.31226,0.12774,0.33268,0.30303,0.2349,0.09714,2.26999,4.85945,2.51001,2.56688,0.0006074,0.0006074,0.0006074
213,3839.97,0.6447,1.73741,0.53703,1.01456,0.48666,0.36364,0.31821,0.13427,0.38288,0.30303,0.25382,0.10387,2.24554,4.70932,2.43916,2.53462,0.0006008,0.0006008,0.0006008
214,3857.83,0.69659,1.77299,0.56188,1.02901,0.41742,0.36364,0.27812,0.12684,0.37903,0.33333,0.26115,0.10328,2.22574,4.58943,2.39686,2.52933,0.0005942,0.0005942,0.0005942
215,3875.8,0.6772,1.78276,0.55466,1.01856,0.43686,0.36364,0.27807,0.12819,0.41767,0.36364,0.25856,0.10293,2.20774,4.58685,2.40237,2.4852,0.0005876,0.0005876,0.0005876
216,3893.96,0.68752,1.81376,0.56838,1.03651,0.42975,0.39394,0.29657,0.12324,0.42442,0.36364,0.26376,0.0904,2.24468,4.55547,2.36798,2.47198,0.000581,0.000581,0.000581
217,3911.95,0.66017,1.74254,0.55103,1.02133,0.41638,0.39394,0.29518,0.1171,0.42566,0.39394,0.27021,0.07934,2.25474,4.4307,2.414,2.48897,0.0005744,0.0005744,0.0005744
218,3929.57,0.67073,1.75352,0.58361,1.03643,0.4959,0.45455,0.3202,0.11735,0.41453,0.36364,0.26451,0.08098,2.28034,4.3809,2.40794,2.52199,0.0005678,0.0005678,0.0005678
219,3947.89,0.66766,1.75377,0.54419,1.00558,0.49437,0.39394,0.3238,0.1217,0.32994,0.36364,0.28682,0.08585,2.25736,4.3963,2.45447,2.50444,0.0005612,0.0005612,0.0005612
220,3965.7,0.6118,1.62471,0.50741,0.9951,0.49069,0.39394,0.34531,0.13646,0.40572,0.33333,0.30537,0.08744,2.2516,4.25201,2.43342,2.47037,0.0005546,0.0005546,0.0005546
221,3983.24,0.64182,1.52432,0.54429,1.0261,0.49157,0.39394,0.3515,0.13738,0.41467,0.33333,0.31154,0.09542,2.20678,4.22456,2.39626,2.44659,0.000548,0.000548,0.000548
222,4001.09,0.67812,1.77649,0.56543,1.03867,0.36581,0.48485,0.33624,0.13209,0.40013,0.39394,0.31458,0.10211,2.21669,4.10519,2.40262,2.47099,0.0005414,0.0005414,0.0005414
223,4018.79,0.67116,1.73329,0.53902,1.04101,0.3719,0.42424,0.32446,0.12899,0.36228,0.43049,0.31166,0.10218,2.1831,4.05888,2.40347,2.44298,0.0005348,0.0005348,0.0005348
224,4036.46,0.6183,1.76745,0.53949,1.01808,0.37864,0.45455,0.31848,0.12299,0.35272,0.42424,0.28888,0.09604,2.19492,4.04841,2.43082,2.43532,0.0005282,0.0005282,0.0005282
225,4054.08,0.6283,1.58809,0.54107,1.01233,0.35774,0.45576,0.3074,0.11293,0.34599,0.48485,0.28664,0.09163,2.18125,4.05335,2.45835,2.41113,0.0005216,0.0005216,0.0005216
226,4071.95,0.69922,1.7634,0.56533,1.04986,0.38919,0.46355,0.285,0.11704,0.33836,0.45455,0.26292,0.08812,2.14951,4.24314,2.45171,2.42642,0.000515,0.000515,0.000515
227,4089.62,0.64858,1.74359,0.54247,1.03177,0.39163,0.46837,0.29659,0.11724,0.35899,0.45455,0.24838,0.08085,2.14109,4.29585,2.45504,2.39187,0.0005084,0.0005084,0.0005084
228,4107.63,0.63316,1.68787,0.52635,1.01149,0.40241,0.51515,0.29624,0.11683,0.32689,0.42424,0.23275,0.08369,2.1836,4.30626,2.37828,2.45002,0.0005018,0.0005018,0.0005018
229,4125.8,0.64983,1.69963,0.57453,1.01472,0.43499,0.51331,0.30288,0.11538,0.38458,0.45448,0.25275,0.08444,2.20624,4.26962,2.37307,2.43831,0.0004952,0.0004952,0.0004952
230,4143.85,0.70905,1.84132,0.57375,1.03796,0.34586,0.51275,0.26788,0.11217,0.34586,0.51275,0.25729,0.08451,2.22665,4.22664,2.39714,2.41545,0.0004886,0.0004886,0.0004886
231,4161.44,0.64194,1.72612,0.5308,1.04204,0.37176,0.48418,0.26481,0.10945,0.37176,0.48418,0.25372,0.08749,2.19415,4.24306,2.48107,2.36197,0.000482,0.000482,0.000482
232,4179.28,0.5868,1.62956,0.49152,0.98308,0.38367,0.45455,0.2667,0.109,0.40701,0.48485,0.27346,0.09078,2.1565,4.20772,2.52017,2.33567,0.0004754,0.0004754,0.0004754
233,4197.49,0.64328,1.62427,0.5281,0.9936,0.40323,0.42424,0.28425,0.10678,0.37034,0.45455,0.24617,0.08703,2.2066,4.16071,2.58398,2.38506,0.0004688,0.0004688,0.0004688
234,4215.35,0.62452,1.6226,0.5168,1.01064,0.34133,0.45542,0.28555,0.11032,0.34945,0.45455,0.25437,0.09336,2.14054,4.13399,2.71544,2.30075,0.0004622,0.0004622,0.0004622
235,4233.08,0.62455,1.63918,0.51742,0.99601,0.34661,0.48485,0.28988,0.11569,0.32304,0.45455,0.27426,0.10112,2.08084,4.13467,2.76948,2.22137,0.0004556,0.0004556,0.0004556
236,4250.83,0.60429,1.58318,0.50224,0.98384,0.36192,0.48485,0.3059,0.1349,0.33539,0.45455,0.26957,0.09557,2.02912,3.94756,2.73946,2.16327,0.000449,0.000449,0.000449
237,4269.09,0.64979,1.89191,0.53786,1.00864,0.35587,0.45455,0.30707,0.13752,0.35587,0.45455,0.28219,0.10404,1.99365,3.92042,2.72629,2.12441,0.0004424,0.0004424,0.0004424
238,4286.97,0.65672,1.74958,0.55587,1.0355,0.39261,0.45455,0.31436,0.13814,0.39598,0.45455,0.30429,0.11043,1.99564,3.81489,2.67928,2.11696,0.0004358,0.0004358,0.0004358
239,4305.11,0.64485,1.75999,0.51723,1.00758,0.41443,0.42424,0.33004,0.14829,0.41443,0.42424,0.33556,0.12654,2.04086,3.81454,2.56665,2.21746,0.0004292,0.0004292,0.0004292
240,4323.51,0.62365,1.67614,0.50728,0.97337,0.41941,0.41611,0.33071,0.15584,0.41941,0.41611,0.33403,0.12988,2.05461,3.76576,2.5435,2.23895,0.0004226,0.0004226,0.0004226
241,4341.33,0.59578,1.53242,0.50511,0.97357,0.41229,0.39394,0.32143,0.15239,0.37962,0.36364,0.28594,0.12281,2.02645,3.70762,2.58248,2.1882,0.000416,0.000416,0.000416
242,4359.06,0.62162,1.73232,0.51865,1.01702,0.47757,0.36024,0.32509,0.1411,0.37655,0.36364,0.27099,0.11501,2.07044,3.76349,2.57685,2.22873,0.0004094,0.0004094,0.0004094
243,4376.78,0.60927,1.68868,0.52274,1.00009,0.46004,0.39394,0.31352,0.13732,0.37109,0.33333,0.28608,0.1095,2.04871,3.79079,2.67668,2.11819,0.0004028,0.0004028,0.0004028
244,4394.67,0.62878,1.68488,0.51726,1.00285,0.47805,0.39394,0.33103,0.14391,0.40014,0.33333,0.2864,0.10272,2.01439,3.77532,2.72952,2.08879,0.0003962,0.0003962,0.0003962
245,4412.79,0.66005,1.76238,0.53657,1.02764,0.51045,0.36364,0.3321,0.13133,0.35188,0.30303,0.24957,0.08565,2.01901,3.89544,2.74305,2.06952,0.0003896,0.0003896,0.0003896
246,4430.65,0.62581,1.66397,0.54439,1.01319,0.50038,0.36364,0.32992,0.15143,0.33236,0.36364,0.26976,0.0999,2.01205,3.93557,2.73489,2.04949,0.000383,0.000383,0.000383
247,4448.47,0.59461,1.6194,0.55154,1.0024,0.41681,0.45455,0.33187,0.16211,0.33311,0.36364,0.2583,0.10665,2.03984,4.04173,2.69132,2.08733,0.0003764,0.0003764,0.0003764
248,4466.65,0.62684,1.65814,0.52204,0.9961,0.4459,0.45455,0.34786,0.16961,0.35378,0.36364,0.28193,0.11882,2.01558,3.93534,2.63062,2.05625,0.0003698,0.0003698,0.0003698
249,4484.62,0.62126,1.58113,0.5047,0.99974,0.42757,0.45455,0.33525,0.16516,0.39613,0.39394,0.30656,0.12721,2.03666,4.05011,2.57604,2.10113,0.0003632,0.0003632,0.0003632
250,4503.29,0.61583,1.68372,0.50844,1.01859,0.37085,0.39394,0.34015,0.16663,0.32137,0.42424,0.30909,0.12582,2.06895,4.16137,2.56154,2.1449,0.0003566,0.0003566,0.0003566
251,4521.45,0.62519,1.60125,0.50125,1.01377,0.42461,0.48485,0.35679,0.15746,0.37097,0.42424,0.31559,0.12611,2.12793,4.26655,2.57278,2.21046,0.00035,0.00035,0.00035
252,4539.01,0.65288,1.60467,0.53534,1.01919,0.38843,0.48485,0.34422,0.13827,0.33253,0.42275,0.28572,0.10756,2.17042,4.38304,2.55416,2.31188,0.0003434,0.0003434,0.0003434
253,4556.94,0.60589,1.59703,0.51829,1.00354,0.37818,0.48485,0.35886,0.1389,0.31906,0.41193,0.29352,0.10638,2.18541,4.25932,2.56407,2.35529,0.0003368,0.0003368,0.0003368
254,4574.41,0.59394,1.57044,0.52106,0.98864,0.36147,0.48485,0.34971,0.13864,0.33419,0.45455,0.31258,0.10222,2.2076,4.32697,2.54476,2.42145,0.0003302,0.0003302,0.0003302
255,4592.05,0.59103,1.56761,0.5132,0.99069,0.46628,0.42361,0.36463,0.14215,0.32797,0.45455,0.30855,0.10006,2.20386,4.30571,2.54301,2.4316,0.0003236,0.0003236,0.0003236
256,4609.99,0.61733,1.64642,0.50712,1.00032,0.44131,0.43102,0.37928,0.14728,0.25775,0.36838,0.25736,0.09509,2.19375,4.33727,2.57457,2.40047,0.000317,0.000317,0.000317
257,4627.94,0.59963,1.57398,0.5173,1.00064,0.47631,0.48485,0.37709,0.15503,0.25451,0.37256,0.25636,0.09343,2.13253,4.48146,2.61584,2.35631,0.0003104,0.0003104,0.0003104
258,4645.81,0.56351,1.40286,0.47868,0.96858,0.44324,0.48485,0.36316,0.15331,0.26694,0.39394,0.2391,0.08405,2.1084,4.43421,2.63907,2.33193,0.0003038,0.0003038,0.0003038
259,4663.24,0.61354,1.56087,0.51947,1.01472,0.46501,0.48485,0.34866,0.14196,0.30284,0.42424,0.28713,0.08693,2.12687,4.40463,2.65034,2.31702,0.0002972,0.0002972,0.0002972
260,4680.94,0.63648,1.69991,0.51184,1.0219,0.43754,0.48485,0.35229,0.14468,0.31374,0.42424,0.28733,0.09113,2.13679,4.36644,2.66035,2.31525,0.0002906,0.0002906,0.0002906
261,4698.57,0.56894,1.59642,0.47967,0.97946,0.37424,0.45455,0.28514,0.122,0.32376,0.39394,0.25327,0.08669,2.1307,4.25027,2.71945,2.29156,0.000284,0.000284,0.000284
262,4716.49,0.6106,1.54381,0.4963,0.99138,0.35916,0.48485,0.32109,0.11583,0.28176,0.39394,0.25915,0.0758,2.14618,4.27106,2.70968,2.27367,0.0002774,0.0002774,0.0002774
263,4734.39,0.57539,1.57204,0.46734,0.97877,0.37677,0.39394,0.28729,0.11715,0.27589,0.42424,0.24835,0.0756,2.11942,4.17168,2.76739,2.20014,0.0002708,0.0002708,0.0002708
264,4752.37,0.58292,1.61218,0.47286,0.98604,0.31294,0.45455,0.28918,0.12234,0.26405,0.39394,0.24755,0.07484,2.10398,4.13818,2.80103,2.17184,0.0002642,0.0002642,0.0002642
265,4770.14,0.58336,1.60733,0.48652,0.97898,0.33539,0.39394,0.27354,0.11434,0.28371,0.40824,0.25957,0.07564,2.1083,4.26773,2.82783,2.17368,0.0002576,0.0002576,0.0002576
266,4787.62,0.62213,1.62902,0.51382,1.03252,0.35055,0.42424,0.2678,0.11437,0.31699,0.39394,0.25884,0.07637,2.1168,4.34032,2.90715,2.18602,0.000251,0.000251,0.000251
267,4805.86,0.6096,1.58855,0.50747,0.98819,0.33982,0.42424,0.28125,0.12377,0.30887,0.39394,0.27387,0.08182,2.11086,4.44327,2.92511,2.22335,0.0002444,0.0002444,0.0002444
268,4823.81,0.56993,1.53258,0.48173,0.98445,0.32649,0.41149,0.28669,0.12047,0.33498,0.33333,0.27597,0.07681,2.11512,4.48413,2.93078,2.23429,0.0002378,0.0002378,0.0002378
269,4841.33,0.6044,1.52398,0.50634,1.00587,0.32433,0.36364,0.29826,0.12023,0.44773,0.27273,0.28967,0.08043,2.11836,4.41812,2.93295,2.22704,0.0002312,0.0002312,0.0002312
270,4858.96,0.61998,1.54757,0.5213,1.01647,0.41038,0.30303,0.28442,0.11117,0.41038,0.30303,0.28207,0.07557,2.10921,4.42647,2.96018,2.21533,0.0002246,0.0002246,0.0002246
271,4876.55,0.55967,1.48073,0.48319,1.00022,0.33854,0.39394,0.28869,0.11296,0.33854,0.39394,0.28223,0.07792,2.10052,4.42216,2.96041,2.20447,0.000218,0.000218,0.000218
272,4894.2,0.55234,1.56586,0.46726,0.97105,0.34001,0.39394,0.29762,0.11199,0.34001,0.39394,0.29293,0.08442,2.08154,4.28534,2.95462,2.18504,0.0002114,0.0002114,0.0002114
273,4911.86,0.57137,1.43487,0.48006,1.00687,0.33398,0.36364,0.31336,0.1164,0.30567,0.33352,0.28332,0.08362,2.09878,4.26033,2.93568,2.21174,0.0002048,0.0002048,0.0002048
274,4929.51,0.57561,1.60909,0.48145,0.99915,0.38169,0.36364,0.33035,0.11955,0.30808,0.30303,0.28063,0.08794,2.09012,4.25233,2.92267,2.19323,0.0001982,0.0001982,0.0001982
275,4947.18,0.58984,1.63674,0.50034,0.9984,0.40067,0.3851,0.32898,0.11697,0.32649,0.30303,0.27656,0.08812,2.10985,4.31298,2.91445,2.2176,0.0001916,0.0001916,0.0001916
276,4964.78,0.5944,1.42081,0.49059,1.01122,0.41271,0.38354,0.33329,0.12089,0.3305,0.30303,0.27757,0.09217,2.13983,4.38928,2.89558,2.25609,0.000185,0.000185,0.000185
277,4982.5,0.54772,1.43481,0.45542,0.96497,0.34119,0.39394,0.33479,0.12279,0.35562,0.33333,0.30182,0.09495,2.15236,4.56232,2.87688,2.2645,0.0001784,0.0001784,0.0001784
278,5000.33,0.57165,1.54025,0.47554,0.9677,0.35233,0.4287,0.34461,0.12375,0.39724,0.36364,0.34114,0.10272,2.1299,4.49118,2.87388,2.23908,0.0001718,0.0001718,0.0001718
279,5017.97,0.55775,1.43578,0.46529,0.9635,0.34936,0.43951,0.34216,0.1267,0.39967,0.33333,0.33872,0.10241,2.11631,4.51873,2.84922,2.22063,0.0001652,0.0001652,0.0001652
280,5035.48,0.57974,1.62123,0.49714,1.00526,0.40056,0.33333,0.34803,0.13632,0.40056,0.33333,0.33809,0.10163,2.10133,4.57318,2.83774,2.21199,0.0001586,0.0001586,0.0001586
281,5053.16,0.5563,1.61609,0.46016,0.97621,0.43582,0.36364,0.36134,0.13969,0.39926,0.33333,0.33821,0.10412,2.12971,4.5699,2.81748,2.24102,0.000152,0.000152,0.000152
282,5070.78,0.55055,1.46046,0.48917,0.97833,0.55103,0.30303,0.35604,0.1351,0.38423,0.33333,0.33326,0.10298,2.13476,4.52608,2.83425,2.24473,0.0001454,0.0001454,0.0001454
283,5088.5,0.58053,1.66222,0.48198,0.97005,0.41853,0.36364,0.35468,0.14548,0.38337,0.33333,0.33394,0.10435,2.14041,4.52449,2.82989,2.27066,0.0001388,0.0001388,0.0001388
284,5106.39,0.58608,1.58235,0.49361,0.98227,0.41752,0.36364,0.35946,0.1457,0.34659,0.30303,0.30543,0.10279,2.14599,4.52571,2.83763,2.27581,0.0001322,0.0001322,0.0001322
285,5124.09,0.61123,1.54699,0.50409,1.01369,0.38913,0.33333,0.33801,0.14536,0.38913,0.33333,0.33472,0.10742,2.14448,4.63307,2.79856,2.27859,0.0001256,0.0001256,0.0001256
286,5141.67,0.60041,1.73441,0.50371,1.00984,0.39615,0.358,0.34174,0.14506,0.48112,0.27273,0.32974,0.10729,2.14375,4.55265,2.79666,2.26356,0.000119,0.000119,0.000119
287,5159.47,0.56585,1.46437,0.48595,0.98254,0.31929,0.39394,0.33948,0.15051,0.33783,0.30303,0.30334,0.10784,2.17329,4.62321,2.79341,2.27358,0.0001124,0.0001124,0.0001124
288,5177.57,0.55147,1.52491,0.45502,0.97073,0.31946,0.39394,0.33924,0.14976,0.37442,0.33333,0.32975,0.11402,2.1717,4.56788,2.82526,2.26108,0.0001058,0.0001058,0.0001058
289,5195.24,0.59743,1.47389,0.49541,1.00025,0.32626,0.39394,0.34942,0.14541,0.2755,0.33333,0.30027,0.11219,2.15801,4.46382,2.84405,2.23982,9.92e-05,9.92e-05,9.92e-05
290,5213.19,0.56053,1.50779,0.49191,0.98138,0.3546,0.42424,0.35766,0.14782,0.27778,0.33333,0.2911,0.11264,2.16187,4.5464,2.82957,2.24233,9.26e-05,9.26e-05,9.26e-05
291,5230.6,0.52456,1.36058,0.55099,0.95162,0.34678,0.41838,0.35153,0.12903,0.27636,0.33333,0.29103,0.09904,2.14808,4.7143,2.8209,2.22424,8.6e-05,8.6e-05,8.6e-05
292,5248.23,0.52687,1.39698,0.52493,0.95657,0.33856,0.43447,0.34716,0.13047,0.29377,0.37832,0.30075,0.09895,2.13453,4.9647,2.85076,2.20725,7.94e-05,7.94e-05,7.94e-05
293,5265.68,0.47281,1.34474,0.46528,0.92504,0.34711,0.45117,0.34593,0.13081,0.27074,0.36364,0.29705,0.09662,2.13274,5.03737,2.87123,2.19345,7.28e-05,7.28e-05,7.28e-05
294,5282.96,0.46049,1.34466,0.43613,0.90753,0.33756,0.45455,0.35433,0.13282,0.34191,0.27273,0.30188,0.09851,2.13397,5.07469,2.87901,2.19626,6.62e-05,6.62e-05,6.62e-05
295,5300.55,0.43871,1.35634,0.45767,0.90225,0.32481,0.42278,0.34788,0.12979,0.63399,0.21212,0.27889,0.0955,2.12437,5.11064,2.89482,2.18877,5.96e-05,5.96e-05,5.96e-05
296,5318.2,0.43695,1.18873,0.42864,0.88978,0.4068,0.36364,0.36163,0.13015,0.698,0.2103,0.27254,0.08918,2.1619,5.13525,2.87485,2.24153,5.3e-05,5.3e-05,5.3e-05
297,5337.79,0.47433,1.33516,0.44629,0.92655,0.41178,0.39394,0.36333,0.13146,0.69814,0.21043,0.2714,0.08869,2.17214,5.16952,2.87889,2.24808,4.64e-05,4.64e-05,4.64e-05
298,5356.25,0.43468,1.27797,0.41149,0.91802,0.44004,0.39394,0.36903,0.1318,0.60416,0.18529,0.26706,0.08885,2.16891,5.18002,2.89963,2.23799,3.98e-05,3.98e-05,3.98e-05
299,5373.87,0.42812,1.19283,0.42466,0.92464,0.43932,0.39394,0.3719,0.13593,0.63482,0.21212,0.26453,0.08991,2.1771,5.0938,2.91243,2.23242,3.32e-05,3.32e-05,3.32e-05
300,5392.18,0.50715,1.32145,0.46065,0.94537,0.41882,0.39394,0.36108,0.13047,0.63286,0.21212,0.26267,0.08708,2.18571,5.09871,2.90749,2.23756,2.66e-05,2.66e-05,2.66e-05
